52.42856,52.42856,52.42856,52.42856,52.42856,52.42856,52.42856,52.42856,52.42856,52.42856,52.42856,52.42856,52.42856,52.42856,52.42856,52.42856,52.42856,52.42856,52.42856,52.42856,52.42856,52.42856,52.42856,52.42856,52.42856,52.42856,52.42856,52.42856,52.42856,52.42856,52.42856,52.42856,52.42856,52.42856,52.42856,52.42856,52.42856,52.42856,52.42856,52.42856,52.42856,52.42856,52.42856,52.42856,52.42856,52.42856,52.42856,52.42856,52.42856,52.42856,52.42856,52.42856,52.42856,52.42856,52.42856,52.42856,52.42856,52.42856,52.42856,52.42856,52.42856,52.42856,52.42856,52.42856,52.42856,52.42856,52.42856,52.42856,52.42856,52.42856
52.428641642857,52.428641642857,52.428641642857,52.428641642857,52.428641642857,52.428641642857,52.428641642857,52.428641642857,52.428641642857,52.428641642857,52.428641642857,52.428641642857,52.428641642857,52.428641642857,52.428641642857,52.428641642857,52.428641642857,52.428641642857,52.428641642857,52.428641642857,52.428641642857,52.428641642857,52.428641642857,52.428641642857,52.428641642857,52.428641642857,52.428641642857,52.428641642857,52.428641642857,52.428641642857,52.428641642857,52.428641642857,52.428641642857,52.428641642857,52.428641642857,52.428641642857,52.428641642857,52.428641642857,52.428641642857,52.428641642857,52.428641642857,52.428641642857,52.428641642857,52.428641642857,52.428641642857,52.428641642857,52.428641642857,52.428641642857,52.428641642857,52.428641642857,52.428641642857,52.428641642857,52.428641642857,52.428641642857,52.428641642857,52.428641642857,52.428641642857,52.428641642857,52.428641642857,52.428641642857,52.428641642857,52.428641642857,52.428641642857,52.428641642857,52.428641642857,52.428641642857,52.428641642857,52.428641642857,52.428641642857,52.428641642857
52.428723285714,52.428723285714,52.428723285714,52.428723285714,52.428723285714,52.428723285714,52.428723285714,52.428723285714,52.428723285714,52.428723285714,52.428723285714,52.428723285714,52.428723285714,52.428723285714,52.428723285714,52.428723285714,52.428723285714,52.428723285714,52.428723285714,52.428723285714,52.428723285714,52.428723285714,52.428723285714,52.428723285714,52.428723285714,52.428723285714,52.428723285714,52.428723285714,52.428723285714,52.428723285714,52.428723285714,52.428723285714,52.428723285714,52.428723285714,52.428723285714,52.428723285714,52.428723285714,52.428723285714,52.428723285714,52.428723285714,52.428723285714,52.428723285714,52.428723285714,52.428723285714,52.428723285714,52.428723285714,52.428723285714,52.428723285714,52.428723285714,52.428723285714,52.428723285714,52.428723285714,52.428723285714,52.428723285714,52.428723285714,52.428723285714,52.428723285714,52.428723285714,52.428723285714,52.428723285714,52.428723285714,52.428723285714,52.428723285714,52.428723285714,52.428723285714,52.428723285714,52.428723285714,52.428723285714,52.428723285714,52.428723285714
52.428804928571,52.428804928571,52.428804928571,52.428804928571,52.428804928571,52.428804928571,52.428804928571,52.428804928571,52.428804928571,52.428804928571,52.428804928571,52.428804928571,52.428804928571,52.428804928571,52.428804928571,52.428804928571,52.428804928571,52.428804928571,52.428804928571,52.428804928571,52.428804928571,52.428804928571,52.428804928571,52.428804928571,52.428804928571,52.428804928571,52.428804928571,52.428804928571,52.428804928571,52.428804928571,52.428804928571,52.428804928571,52.428804928571,52.428804928571,52.428804928571,52.428804928571,52.428804928571,52.428804928571,52.428804928571,52.428804928571,52.428804928571,52.428804928571,52.428804928571,52.428804928571,52.428804928571,52.428804928571,52.428804928571,52.428804928571,52.428804928571,52.428804928571,52.428804928571,52.428804928571,52.428804928571,52.428804928571,52.428804928571,52.428804928571,52.428804928571,52.428804928571,52.428804928571,52.428804928571,52.428804928571,52.428804928571,52.428804928571,52.428804928571,52.428804928571,52.428804928571,52.428804928571,52.428804928571,52.428804928571,52.428804928571
52.428886571429,52.428886571429,52.428886571429,52.428886571429,52.428886571429,52.428886571429,52.428886571429,52.428886571429,52.428886571429,52.428886571429,52.428886571429,52.428886571429,52.428886571429,52.428886571429,52.428886571429,52.428886571429,52.428886571429,52.428886571429,52.428886571429,52.428886571429,52.428886571429,52.428886571429,52.428886571429,52.428886571429,52.428886571429,52.428886571429,52.428886571429,52.428886571429,52.428886571429,52.428886571429,52.428886571429,52.428886571429,52.428886571429,52.428886571429,52.428886571429,52.428886571429,52.428886571429,52.428886571429,52.428886571429,52.428886571429,52.428886571429,52.428886571429,52.428886571429,52.428886571429,52.428886571429,52.428886571429,52.428886571429,52.428886571429,52.428886571429,52.428886571429,52.428886571429,52.428886571429,52.428886571429,52.428886571429,52.428886571429,52.428886571429,52.428886571429,52.428886571429,52.428886571429,52.428886571429,52.428886571429,52.428886571429,52.428886571429,52.428886571429,52.428886571429,52.428886571429,52.428886571429,52.428886571429,52.428886571429,52.428886571429
52.428968214286,52.428968214286,52.428968214286,52.428968214286,52.428968214286,52.428968214286,52.428968214286,52.428968214286,52.428968214286,52.428968214286,52.428968214286,52.428968214286,52.428968214286,52.428968214286,52.428968214286,52.428968214286,52.428968214286,52.428968214286,52.428968214286,52.428968214286,52.428968214286,52.428968214286,52.428968214286,52.428968214286,52.428968214286,52.428968214286,52.428968214286,52.428968214286,52.428968214286,52.428968214286,52.428968214286,52.428968214286,52.428968214286,52.428968214286,52.428968214286,52.428968214286,52.428968214286,52.428968214286,52.428968214286,52.428968214286,52.428968214286,52.428968214286,52.428968214286,52.428968214286,52.428968214286,52.428968214286,52.428968214286,52.428968214286,52.428968214286,52.428968214286,52.428968214286,52.428968214286,52.428968214286,52.428968214286,52.428968214286,52.428968214286,52.428968214286,52.428968214286,52.428968214286,52.428968214286,52.428968214286,52.428968214286,52.428968214286,52.428968214286,52.428968214286,52.428968214286,52.428968214286,52.428968214286,52.428968214286,52.428968214286
52.429049857143,52.429049857143,52.429049857143,52.429049857143,52.429049857143,52.429049857143,52.429049857143,52.429049857143,52.429049857143,52.429049857143,52.429049857143,52.429049857143,52.429049857143,52.429049857143,52.429049857143,52.429049857143,52.429049857143,52.429049857143,52.429049857143,52.429049857143,52.429049857143,52.429049857143,52.429049857143,52.429049857143,52.429049857143,52.429049857143,52.429049857143,52.429049857143,52.429049857143,52.429049857143,52.429049857143,52.429049857143,52.429049857143,52.429049857143,52.429049857143,52.429049857143,52.429049857143,52.429049857143,52.429049857143,52.429049857143,52.429049857143,52.429049857143,52.429049857143,52.429049857143,52.429049857143,52.429049857143,52.429049857143,52.429049857143,52.429049857143,52.429049857143,52.429049857143,52.429049857143,52.429049857143,52.429049857143,52.429049857143,52.429049857143,52.429049857143,52.429049857143,52.429049857143,52.429049857143,52.429049857143,52.429049857143,52.429049857143,52.429049857143,52.429049857143,52.429049857143,52.429049857143,52.429049857143,52.429049857143,52.429049857143
52.4291315,52.4291315,52.4291315,52.4291315,52.4291315,52.4291315,52.4291315,52.4291315,52.4291315,52.4291315,52.4291315,52.4291315,52.4291315,52.4291315,52.4291315,52.4291315,52.4291315,52.4291315,52.4291315,52.4291315,52.4291315,52.4291315,52.4291315,52.4291315,52.4291315,52.4291315,52.4291315,52.4291315,52.4291315,52.4291315,52.4291315,52.4291315,52.4291315,52.4291315,52.4291315,52.4291315,52.4291315,52.4291315,52.4291315,52.4291315,52.4291315,52.4291315,52.4291315,52.4291315,52.4291315,52.4291315,52.4291315,52.4291315,52.4291315,52.4291315,52.4291315,52.4291315,52.4291315,52.4291315,52.4291315,52.4291315,52.4291315,52.4291315,52.4291315,52.4291315,52.4291315,52.4291315,52.4291315,52.4291315,52.4291315,52.4291315,52.4291315,52.4291315,52.4291315,52.4291315
52.429213142857,52.429213142857,52.429213142857,52.429213142857,52.429213142857,52.429213142857,52.429213142857,52.429213142857,52.429213142857,52.429213142857,52.429213142857,52.429213142857,52.429213142857,52.429213142857,52.429213142857,52.429213142857,52.429213142857,52.429213142857,52.429213142857,52.429213142857,52.429213142857,52.429213142857,52.429213142857,52.429213142857,52.429213142857,52.429213142857,52.429213142857,52.429213142857,52.429213142857,52.429213142857,52.429213142857,52.429213142857,52.429213142857,52.429213142857,52.429213142857,52.429213142857,52.429213142857,52.429213142857,52.429213142857,52.429213142857,52.429213142857,52.429213142857,52.429213142857,52.429213142857,52.429213142857,52.429213142857,52.429213142857,52.429213142857,52.429213142857,52.429213142857,52.429213142857,52.429213142857,52.429213142857,52.429213142857,52.429213142857,52.429213142857,52.429213142857,52.429213142857,52.429213142857,52.429213142857,52.429213142857,52.429213142857,52.429213142857,52.429213142857,52.429213142857,52.429213142857,52.429213142857,52.429213142857,52.429213142857,52.429213142857
52.429294785714,52.429294785714,52.429294785714,52.429294785714,52.429294785714,52.429294785714,52.429294785714,52.429294785714,52.429294785714,52.429294785714,52.429294785714,52.429294785714,52.429294785714,52.429294785714,52.429294785714,52.429294785714,52.429294785714,52.429294785714,52.429294785714,52.429294785714,52.429294785714,52.429294785714,52.429294785714,52.429294785714,52.429294785714,52.429294785714,52.429294785714,52.429294785714,52.429294785714,52.429294785714,52.429294785714,52.429294785714,52.429294785714,52.429294785714,52.429294785714,52.429294785714,52.429294785714,52.429294785714,52.429294785714,52.429294785714,52.429294785714,52.429294785714,52.429294785714,52.429294785714,52.429294785714,52.429294785714,52.429294785714,52.429294785714,52.429294785714,52.429294785714,52.429294785714,52.429294785714,52.429294785714,52.429294785714,52.429294785714,52.429294785714,52.429294785714,52.429294785714,52.429294785714,52.429294785714,52.429294785714,52.429294785714,52.429294785714,52.429294785714,52.429294785714,52.429294785714,52.429294785714,52.429294785714,52.429294785714,52.429294785714
52.429376428571,52.429376428571,52.429376428571,52.429376428571,52.429376428571,52.429376428571,52.429376428571,52.429376428571,52.429376428571,52.429376428571,52.429376428571,52.429376428571,52.429376428571,52.429376428571,52.429376428571,52.429376428571,52.429376428571,52.429376428571,52.429376428571,52.429376428571,52.429376428571,52.429376428571,52.429376428571,52.429376428571,52.429376428571,52.429376428571,52.429376428571,52.429376428571,52.429376428571,52.429376428571,52.429376428571,52.429376428571,52.429376428571,52.429376428571,52.429376428571,52.429376428571,52.429376428571,52.429376428571,52.429376428571,52.429376428571,52.429376428571,52.429376428571,52.429376428571,52.429376428571,52.429376428571,52.429376428571,52.429376428571,52.429376428571,52.429376428571,52.429376428571,52.429376428571,52.429376428571,52.429376428571,52.429376428571,52.429376428571,52.429376428571,52.429376428571,52.429376428571,52.429376428571,52.429376428571,52.429376428571,52.429376428571,52.429376428571,52.429376428571,52.429376428571,52.429376428571,52.429376428571,52.429376428571,52.429376428571,52.429376428571
52.429458071429,52.429458071429,52.429458071429,52.429458071429,52.429458071429,52.429458071429,52.429458071429,52.429458071429,52.429458071429,52.429458071429,52.429458071429,52.429458071429,52.429458071429,52.429458071429,52.429458071429,52.429458071429,52.429458071429,52.429458071429,52.429458071429,52.429458071429,52.429458071429,52.429458071429,52.429458071429,52.429458071429,52.429458071429,52.429458071429,52.429458071429,52.429458071429,52.429458071429,52.429458071429,52.429458071429,52.429458071429,52.429458071429,52.429458071429,52.429458071429,52.429458071429,52.429458071429,52.429458071429,52.429458071429,52.429458071429,52.429458071429,52.429458071429,52.429458071429,52.429458071429,52.429458071429,52.429458071429,52.429458071429,52.429458071429,52.429458071429,52.429458071429,52.429458071429,52.429458071429,52.429458071429,52.429458071429,52.429458071429,52.429458071429,52.429458071429,52.429458071429,52.429458071429,52.429458071429,52.429458071429,52.429458071429,52.429458071429,52.429458071429,52.429458071429,52.429458071429,52.429458071429,52.429458071429,52.429458071429,52.429458071429
52.429539714286,52.429539714286,52.429539714286,52.429539714286,52.429539714286,52.429539714286,52.429539714286,52.429539714286,52.429539714286,52.429539714286,52.429539714286,52.429539714286,52.429539714286,52.429539714286,52.429539714286,52.429539714286,52.429539714286,52.429539714286,52.429539714286,52.429539714286,52.429539714286,52.429539714286,52.429539714286,52.429539714286,52.429539714286,52.429539714286,52.429539714286,52.429539714286,52.429539714286,52.429539714286,52.429539714286,52.429539714286,52.429539714286,52.429539714286,52.429539714286,52.429539714286,52.429539714286,52.429539714286,52.429539714286,52.429539714286,52.429539714286,52.429539714286,52.429539714286,52.429539714286,52.429539714286,52.429539714286,52.429539714286,52.429539714286,52.429539714286,52.429539714286,52.429539714286,52.429539714286,52.429539714286,52.429539714286,52.429539714286,52.429539714286,52.429539714286,52.429539714286,52.429539714286,52.429539714286,52.429539714286,52.429539714286,52.429539714286,52.429539714286,52.429539714286,52.429539714286,52.429539714286,52.429539714286,52.429539714286,52.429539714286
52.429621357143,52.429621357143,52.429621357143,52.429621357143,52.429621357143,52.429621357143,52.429621357143,52.429621357143,52.429621357143,52.429621357143,52.429621357143,52.429621357143,52.429621357143,52.429621357143,52.429621357143,52.429621357143,52.429621357143,52.429621357143,52.429621357143,52.429621357143,52.429621357143,52.429621357143,52.429621357143,52.429621357143,52.429621357143,52.429621357143,52.429621357143,52.429621357143,52.429621357143,52.429621357143,52.429621357143,52.429621357143,52.429621357143,52.429621357143,52.429621357143,52.429621357143,52.429621357143,52.429621357143,52.429621357143,52.429621357143,52.429621357143,52.429621357143,52.429621357143,52.429621357143,52.429621357143,52.429621357143,52.429621357143,52.429621357143,52.429621357143,52.429621357143,52.429621357143,52.429621357143,52.429621357143,52.429621357143,52.429621357143,52.429621357143,52.429621357143,52.429621357143,52.429621357143,52.429621357143,52.429621357143,52.429621357143,52.429621357143,52.429621357143,52.429621357143,52.429621357143,52.429621357143,52.429621357143,52.429621357143,52.429621357143
52.429703,52.429703,52.429703,52.429703,52.429703,52.429703,52.429703,52.429703,52.429703,52.429703,52.429703,52.429703,52.429703,52.429703,52.429703,52.429703,52.429703,52.429703,52.429703,52.429703,52.429703,52.429703,52.429703,52.429703,52.429703,52.429703,52.429703,52.429703,52.429703,52.429703,52.429703,52.429703,52.429703,52.429703,52.429703,52.429703,52.429703,52.429703,52.429703,52.429703,52.429703,52.429703,52.429703,52.429703,52.429703,52.429703,52.429703,52.429703,52.429703,52.429703,52.429703,52.429703,52.429703,52.429703,52.429703,52.429703,52.429703,52.429703,52.429703,52.429703,52.429703,52.429703,52.429703,52.429703,52.429703,52.429703,52.429703,52.429703,52.429703,52.429703
52.429784642857,52.429784642857,52.429784642857,52.429784642857,52.429784642857,52.429784642857,52.429784642857,52.429784642857,52.429784642857,52.429784642857,52.429784642857,52.429784642857,52.429784642857,52.429784642857,52.429784642857,52.429784642857,52.429784642857,52.429784642857,52.429784642857,52.429784642857,52.429784642857,52.429784642857,52.429784642857,52.429784642857,52.429784642857,52.429784642857,52.429784642857,52.429784642857,52.429784642857,52.429784642857,52.429784642857,52.429784642857,52.429784642857,52.429784642857,52.429784642857,52.429784642857,52.429784642857,52.429784642857,52.429784642857,52.429784642857,52.429784642857,52.429784642857,52.429784642857,52.429784642857,52.429784642857,52.429784642857,52.429784642857,52.429784642857,52.429784642857,52.429784642857,52.429784642857,52.429784642857,52.429784642857,52.429784642857,52.429784642857,52.429784642857,52.429784642857,52.429784642857,52.429784642857,52.429784642857,52.429784642857,52.429784642857,52.429784642857,52.429784642857,52.429784642857,52.429784642857,52.429784642857,52.429784642857,52.429784642857,52.429784642857
52.429866285714,52.429866285714,52.429866285714,52.429866285714,52.429866285714,52.429866285714,52.429866285714,52.429866285714,52.429866285714,52.429866285714,52.429866285714,52.429866285714,52.429866285714,52.429866285714,52.429866285714,52.429866285714,52.429866285714,52.429866285714,52.429866285714,52.429866285714,52.429866285714,52.429866285714,52.429866285714,52.429866285714,52.429866285714,52.429866285714,52.429866285714,52.429866285714,52.429866285714,52.429866285714,52.429866285714,52.429866285714,52.429866285714,52.429866285714,52.429866285714,52.429866285714,52.429866285714,52.429866285714,52.429866285714,52.429866285714,52.429866285714,52.429866285714,52.429866285714,52.429866285714,52.429866285714,52.429866285714,52.429866285714,52.429866285714,52.429866285714,52.429866285714,52.429866285714,52.429866285714,52.429866285714,52.429866285714,52.429866285714,52.429866285714,52.429866285714,52.429866285714,52.429866285714,52.429866285714,52.429866285714,52.429866285714,52.429866285714,52.429866285714,52.429866285714,52.429866285714,52.429866285714,52.429866285714,52.429866285714,52.429866285714
52.429947928571,52.429947928571,52.429947928571,52.429947928571,52.429947928571,52.429947928571,52.429947928571,52.429947928571,52.429947928571,52.429947928571,52.429947928571,52.429947928571,52.429947928571,52.429947928571,52.429947928571,52.429947928571,52.429947928571,52.429947928571,52.429947928571,52.429947928571,52.429947928571,52.429947928571,52.429947928571,52.429947928571,52.429947928571,52.429947928571,52.429947928571,52.429947928571,52.429947928571,52.429947928571,52.429947928571,52.429947928571,52.429947928571,52.429947928571,52.429947928571,52.429947928571,52.429947928571,52.429947928571,52.429947928571,52.429947928571,52.429947928571,52.429947928571,52.429947928571,52.429947928571,52.429947928571,52.429947928571,52.429947928571,52.429947928571,52.429947928571,52.429947928571,52.429947928571,52.429947928571,52.429947928571,52.429947928571,52.429947928571,52.429947928571,52.429947928571,52.429947928571,52.429947928571,52.429947928571,52.429947928571,52.429947928571,52.429947928571,52.429947928571,52.429947928571,52.429947928571,52.429947928571,52.429947928571,52.429947928571,52.429947928571
52.430029571429,52.430029571429,52.430029571429,52.430029571429,52.430029571429,52.430029571429,52.430029571429,52.430029571429,52.430029571429,52.430029571429,52.430029571429,52.430029571429,52.430029571429,52.430029571429,52.430029571429,52.430029571429,52.430029571429,52.430029571429,52.430029571429,52.430029571429,52.430029571429,52.430029571429,52.430029571429,52.430029571429,52.430029571429,52.430029571429,52.430029571429,52.430029571429,52.430029571429,52.430029571429,52.430029571429,52.430029571429,52.430029571429,52.430029571429,52.430029571429,52.430029571429,52.430029571429,52.430029571429,52.430029571429,52.430029571429,52.430029571429,52.430029571429,52.430029571429,52.430029571429,52.430029571429,52.430029571429,52.430029571429,52.430029571429,52.430029571429,52.430029571429,52.430029571429,52.430029571429,52.430029571429,52.430029571429,52.430029571429,52.430029571429,52.430029571429,52.430029571429,52.430029571429,52.430029571429,52.430029571429,52.430029571429,52.430029571429,52.430029571429,52.430029571429,52.430029571429,52.430029571429,52.430029571429,52.430029571429,52.430029571429
52.430111214286,52.430111214286,52.430111214286,52.430111214286,52.430111214286,52.430111214286,52.430111214286,52.430111214286,52.430111214286,52.430111214286,52.430111214286,52.430111214286,52.430111214286,52.430111214286,52.430111214286,52.430111214286,52.430111214286,52.430111214286,52.430111214286,52.430111214286,52.430111214286,52.430111214286,52.430111214286,52.430111214286,52.430111214286,52.430111214286,52.430111214286,52.430111214286,52.430111214286,52.430111214286,52.430111214286,52.430111214286,52.430111214286,52.430111214286,52.430111214286,52.430111214286,52.430111214286,52.430111214286,52.430111214286,52.430111214286,52.430111214286,52.430111214286,52.430111214286,52.430111214286,52.430111214286,52.430111214286,52.430111214286,52.430111214286,52.430111214286,52.430111214286,52.430111214286,52.430111214286,52.430111214286,52.430111214286,52.430111214286,52.430111214286,52.430111214286,52.430111214286,52.430111214286,52.430111214286,52.430111214286,52.430111214286,52.430111214286,52.430111214286,52.430111214286,52.430111214286,52.430111214286,52.430111214286,52.430111214286,52.430111214286
52.430192857143,52.430192857143,52.430192857143,52.430192857143,52.430192857143,52.430192857143,52.430192857143,52.430192857143,52.430192857143,52.430192857143,52.430192857143,52.430192857143,52.430192857143,52.430192857143,52.430192857143,52.430192857143,52.430192857143,52.430192857143,52.430192857143,52.430192857143,52.430192857143,52.430192857143,52.430192857143,52.430192857143,52.430192857143,52.430192857143,52.430192857143,52.430192857143,52.430192857143,52.430192857143,52.430192857143,52.430192857143,52.430192857143,52.430192857143,52.430192857143,52.430192857143,52.430192857143,52.430192857143,52.430192857143,52.430192857143,52.430192857143,52.430192857143,52.430192857143,52.430192857143,52.430192857143,52.430192857143,52.430192857143,52.430192857143,52.430192857143,52.430192857143,52.430192857143,52.430192857143,52.430192857143,52.430192857143,52.430192857143,52.430192857143,52.430192857143,52.430192857143,52.430192857143,52.430192857143,52.430192857143,52.430192857143,52.430192857143,52.430192857143,52.430192857143,52.430192857143,52.430192857143,52.430192857143,52.430192857143,52.430192857143
52.4302745,52.4302745,52.4302745,52.4302745,52.4302745,52.4302745,52.4302745,52.4302745,52.4302745,52.4302745,52.4302745,52.4302745,52.4302745,52.4302745,52.4302745,52.4302745,52.4302745,52.4302745,52.4302745,52.4302745,52.4302745,52.4302745,52.4302745,52.4302745,52.4302745,52.4302745,52.4302745,52.4302745,52.4302745,52.4302745,52.4302745,52.4302745,52.4302745,52.4302745,52.4302745,52.4302745,52.4302745,52.4302745,52.4302745,52.4302745,52.4302745,52.4302745,52.4302745,52.4302745,52.4302745,52.4302745,52.4302745,52.4302745,52.4302745,52.4302745,52.4302745,52.4302745,52.4302745,52.4302745,52.4302745,52.4302745,52.4302745,52.4302745,52.4302745,52.4302745,52.4302745,52.4302745,52.4302745,52.4302745,52.4302745,52.4302745,52.4302745,52.4302745,52.4302745,52.4302745
52.430356142857,52.430356142857,52.430356142857,52.430356142857,52.430356142857,52.430356142857,52.430356142857,52.430356142857,52.430356142857,52.430356142857,52.430356142857,52.430356142857,52.430356142857,52.430356142857,52.430356142857,52.430356142857,52.430356142857,52.430356142857,52.430356142857,52.430356142857,52.430356142857,52.430356142857,52.430356142857,52.430356142857,52.430356142857,52.430356142857,52.430356142857,52.430356142857,52.430356142857,52.430356142857,52.430356142857,52.430356142857,52.430356142857,52.430356142857,52.430356142857,52.430356142857,52.430356142857,52.430356142857,52.430356142857,52.430356142857,52.430356142857,52.430356142857,52.430356142857,52.430356142857,52.430356142857,52.430356142857,52.430356142857,52.430356142857,52.430356142857,52.430356142857,52.430356142857,52.430356142857,52.430356142857,52.430356142857,52.430356142857,52.430356142857,52.430356142857,52.430356142857,52.430356142857,52.430356142857,52.430356142857,52.430356142857,52.430356142857,52.430356142857,52.430356142857,52.430356142857,52.430356142857,52.430356142857,52.430356142857,52.430356142857
52.430437785714,52.430437785714,52.430437785714,52.430437785714,52.430437785714,52.430437785714,52.430437785714,52.430437785714,52.430437785714,52.430437785714,52.430437785714,52.430437785714,52.430437785714,52.430437785714,52.430437785714,52.430437785714,52.430437785714,52.430437785714,52.430437785714,52.430437785714,52.430437785714,52.430437785714,52.430437785714,52.430437785714,52.430437785714,52.430437785714,52.430437785714,52.430437785714,52.430437785714,52.430437785714,52.430437785714,52.430437785714,52.430437785714,52.430437785714,52.430437785714,52.430437785714,52.430437785714,52.430437785714,52.430437785714,52.430437785714,52.430437785714,52.430437785714,52.430437785714,52.430437785714,52.430437785714,52.430437785714,52.430437785714,52.430437785714,52.430437785714,52.430437785714,52.430437785714,52.430437785714,52.430437785714,52.430437785714,52.430437785714,52.430437785714,52.430437785714,52.430437785714,52.430437785714,52.430437785714,52.430437785714,52.430437785714,52.430437785714,52.430437785714,52.430437785714,52.430437785714,52.430437785714,52.430437785714,52.430437785714,52.430437785714
52.430519428571,52.430519428571,52.430519428571,52.430519428571,52.430519428571,52.430519428571,52.430519428571,52.430519428571,52.430519428571,52.430519428571,52.430519428571,52.430519428571,52.430519428571,52.430519428571,52.430519428571,52.430519428571,52.430519428571,52.430519428571,52.430519428571,52.430519428571,52.430519428571,52.430519428571,52.430519428571,52.430519428571,52.430519428571,52.430519428571,52.430519428571,52.430519428571,52.430519428571,52.430519428571,52.430519428571,52.430519428571,52.430519428571,52.430519428571,52.430519428571,52.430519428571,52.430519428571,52.430519428571,52.430519428571,52.430519428571,52.430519428571,52.430519428571,52.430519428571,52.430519428571,52.430519428571,52.430519428571,52.430519428571,52.430519428571,52.430519428571,52.430519428571,52.430519428571,52.430519428571,52.430519428571,52.430519428571,52.430519428571,52.430519428571,52.430519428571,52.430519428571,52.430519428571,52.430519428571,52.430519428571,52.430519428571,52.430519428571,52.430519428571,52.430519428571,52.430519428571,52.430519428571,52.430519428571,52.430519428571,52.430519428571
52.430601071429,52.430601071429,52.430601071429,52.430601071429,52.430601071429,52.430601071429,52.430601071429,52.430601071429,52.430601071429,52.430601071429,52.430601071429,52.430601071429,52.430601071429,52.430601071429,52.430601071429,52.430601071429,52.430601071429,52.430601071429,52.430601071429,52.430601071429,52.430601071429,52.430601071429,52.430601071429,52.430601071429,52.430601071429,52.430601071429,52.430601071429,52.430601071429,52.430601071429,52.430601071429,52.430601071429,52.430601071429,52.430601071429,52.430601071429,52.430601071429,52.430601071429,52.430601071429,52.430601071429,52.430601071429,52.430601071429,52.430601071429,52.430601071429,52.430601071429,52.430601071429,52.430601071429,52.430601071429,52.430601071429,52.430601071429,52.430601071429,52.430601071429,52.430601071429,52.430601071429,52.430601071429,52.430601071429,52.430601071429,52.430601071429,52.430601071429,52.430601071429,52.430601071429,52.430601071429,52.430601071429,52.430601071429,52.430601071429,52.430601071429,52.430601071429,52.430601071429,52.430601071429,52.430601071429,52.430601071429,52.430601071429
52.430682714286,52.430682714286,52.430682714286,52.430682714286,52.430682714286,52.430682714286,52.430682714286,52.430682714286,52.430682714286,52.430682714286,52.430682714286,52.430682714286,52.430682714286,52.430682714286,52.430682714286,52.430682714286,52.430682714286,52.430682714286,52.430682714286,52.430682714286,52.430682714286,52.430682714286,52.430682714286,52.430682714286,52.430682714286,52.430682714286,52.430682714286,52.430682714286,52.430682714286,52.430682714286,52.430682714286,52.430682714286,52.430682714286,52.430682714286,52.430682714286,52.430682714286,52.430682714286,52.430682714286,52.430682714286,52.430682714286,52.430682714286,52.430682714286,52.430682714286,52.430682714286,52.430682714286,52.430682714286,52.430682714286,52.430682714286,52.430682714286,52.430682714286,52.430682714286,52.430682714286,52.430682714286,52.430682714286,52.430682714286,52.430682714286,52.430682714286,52.430682714286,52.430682714286,52.430682714286,52.430682714286,52.430682714286,52.430682714286,52.430682714286,52.430682714286,52.430682714286,52.430682714286,52.430682714286,52.430682714286,52.430682714286
52.430764357143,52.430764357143,52.430764357143,52.430764357143,52.430764357143,52.430764357143,52.430764357143,52.430764357143,52.430764357143,52.430764357143,52.430764357143,52.430764357143,52.430764357143,52.430764357143,52.430764357143,52.430764357143,52.430764357143,52.430764357143,52.430764357143,52.430764357143,52.430764357143,52.430764357143,52.430764357143,52.430764357143,52.430764357143,52.430764357143,52.430764357143,52.430764357143,52.430764357143,52.430764357143,52.430764357143,52.430764357143,52.430764357143,52.430764357143,52.430764357143,52.430764357143,52.430764357143,52.430764357143,52.430764357143,52.430764357143,52.430764357143,52.430764357143,52.430764357143,52.430764357143,52.430764357143,52.430764357143,52.430764357143,52.430764357143,52.430764357143,52.430764357143,52.430764357143,52.430764357143,52.430764357143,52.430764357143,52.430764357143,52.430764357143,52.430764357143,52.430764357143,52.430764357143,52.430764357143,52.430764357143,52.430764357143,52.430764357143,52.430764357143,52.430764357143,52.430764357143,52.430764357143,52.430764357143,52.430764357143,52.430764357143
52.430846,52.430846,52.430846,52.430846,52.430846,52.430846,52.430846,52.430846,52.430846,52.430846,52.430846,52.430846,52.430846,52.430846,52.430846,52.430846,52.430846,52.430846,52.430846,52.430846,52.430846,52.430846,52.430846,52.430846,52.430846,52.430846,52.430846,52.430846,52.430846,52.430846,52.430846,52.430846,52.430846,52.430846,52.430846,52.430846,52.430846,52.430846,52.430846,52.430846,52.430846,52.430846,52.430846,52.430846,52.430846,52.430846,52.430846,52.430846,52.430846,52.430846,52.430846,52.430846,52.430846,52.430846,52.430846,52.430846,52.430846,52.430846,52.430846,52.430846,52.430846,52.430846,52.430846,52.430846,52.430846,52.430846,52.430846,52.430846,52.430846,52.430846
52.430927642857,52.430927642857,52.430927642857,52.430927642857,52.430927642857,52.430927642857,52.430927642857,52.430927642857,52.430927642857,52.430927642857,52.430927642857,52.430927642857,52.430927642857,52.430927642857,52.430927642857,52.430927642857,52.430927642857,52.430927642857,52.430927642857,52.430927642857,52.430927642857,52.430927642857,52.430927642857,52.430927642857,52.430927642857,52.430927642857,52.430927642857,52.430927642857,52.430927642857,52.430927642857,52.430927642857,52.430927642857,52.430927642857,52.430927642857,52.430927642857,52.430927642857,52.430927642857,52.430927642857,52.430927642857,52.430927642857,52.430927642857,52.430927642857,52.430927642857,52.430927642857,52.430927642857,52.430927642857,52.430927642857,52.430927642857,52.430927642857,52.430927642857,52.430927642857,52.430927642857,52.430927642857,52.430927642857,52.430927642857,52.430927642857,52.430927642857,52.430927642857,52.430927642857,52.430927642857,52.430927642857,52.430927642857,52.430927642857,52.430927642857,52.430927642857,52.430927642857,52.430927642857,52.430927642857,52.430927642857,52.430927642857
52.431009285714,52.431009285714,52.431009285714,52.431009285714,52.431009285714,52.431009285714,52.431009285714,52.431009285714,52.431009285714,52.431009285714,52.431009285714,52.431009285714,52.431009285714,52.431009285714,52.431009285714,52.431009285714,52.431009285714,52.431009285714,52.431009285714,52.431009285714,52.431009285714,52.431009285714,52.431009285714,52.431009285714,52.431009285714,52.431009285714,52.431009285714,52.431009285714,52.431009285714,52.431009285714,52.431009285714,52.431009285714,52.431009285714,52.431009285714,52.431009285714,52.431009285714,52.431009285714,52.431009285714,52.431009285714,52.431009285714,52.431009285714,52.431009285714,52.431009285714,52.431009285714,52.431009285714,52.431009285714,52.431009285714,52.431009285714,52.431009285714,52.431009285714,52.431009285714,52.431009285714,52.431009285714,52.431009285714,52.431009285714,52.431009285714,52.431009285714,52.431009285714,52.431009285714,52.431009285714,52.431009285714,52.431009285714,52.431009285714,52.431009285714,52.431009285714,52.431009285714,52.431009285714,52.431009285714,52.431009285714,52.431009285714
52.431090928571,52.431090928571,52.431090928571,52.431090928571,52.431090928571,52.431090928571,52.431090928571,52.431090928571,52.431090928571,52.431090928571,52.431090928571,52.431090928571,52.431090928571,52.431090928571,52.431090928571,52.431090928571,52.431090928571,52.431090928571,52.431090928571,52.431090928571,52.431090928571,52.431090928571,52.431090928571,52.431090928571,52.431090928571,52.431090928571,52.431090928571,52.431090928571,52.431090928571,52.431090928571,52.431090928571,52.431090928571,52.431090928571,52.431090928571,52.431090928571,52.431090928571,52.431090928571,52.431090928571,52.431090928571,52.431090928571,52.431090928571,52.431090928571,52.431090928571,52.431090928571,52.431090928571,52.431090928571,52.431090928571,52.431090928571,52.431090928571,52.431090928571,52.431090928571,52.431090928571,52.431090928571,52.431090928571,52.431090928571,52.431090928571,52.431090928571,52.431090928571,52.431090928571,52.431090928571,52.431090928571,52.431090928571,52.431090928571,52.431090928571,52.431090928571,52.431090928571,52.431090928571,52.431090928571,52.431090928571,52.431090928571
52.431172571429,52.431172571429,52.431172571429,52.431172571429,52.431172571429,52.431172571429,52.431172571429,52.431172571429,52.431172571429,52.431172571429,52.431172571429,52.431172571429,52.431172571429,52.431172571429,52.431172571429,52.431172571429,52.431172571429,52.431172571429,52.431172571429,52.431172571429,52.431172571429,52.431172571429,52.431172571429,52.431172571429,52.431172571429,52.431172571429,52.431172571429,52.431172571429,52.431172571429,52.431172571429,52.431172571429,52.431172571429,52.431172571429,52.431172571429,52.431172571429,52.431172571429,52.431172571429,52.431172571429,52.431172571429,52.431172571429,52.431172571429,52.431172571429,52.431172571429,52.431172571429,52.431172571429,52.431172571429,52.431172571429,52.431172571429,52.431172571429,52.431172571429,52.431172571429,52.431172571429,52.431172571429,52.431172571429,52.431172571429,52.431172571429,52.431172571429,52.431172571429,52.431172571429,52.431172571429,52.431172571429,52.431172571429,52.431172571429,52.431172571429,52.431172571429,52.431172571429,52.431172571429,52.431172571429,52.431172571429,52.431172571429
52.431254214286,52.431254214286,52.431254214286,52.431254214286,52.431254214286,52.431254214286,52.431254214286,52.431254214286,52.431254214286,52.431254214286,52.431254214286,52.431254214286,52.431254214286,52.431254214286,52.431254214286,52.431254214286,52.431254214286,52.431254214286,52.431254214286,52.431254214286,52.431254214286,52.431254214286,52.431254214286,52.431254214286,52.431254214286,52.431254214286,52.431254214286,52.431254214286,52.431254214286,52.431254214286,52.431254214286,52.431254214286,52.431254214286,52.431254214286,52.431254214286,52.431254214286,52.431254214286,52.431254214286,52.431254214286,52.431254214286,52.431254214286,52.431254214286,52.431254214286,52.431254214286,52.431254214286,52.431254214286,52.431254214286,52.431254214286,52.431254214286,52.431254214286,52.431254214286,52.431254214286,52.431254214286,52.431254214286,52.431254214286,52.431254214286,52.431254214286,52.431254214286,52.431254214286,52.431254214286,52.431254214286,52.431254214286,52.431254214286,52.431254214286,52.431254214286,52.431254214286,52.431254214286,52.431254214286,52.431254214286,52.431254214286
52.431335857143,52.431335857143,52.431335857143,52.431335857143,52.431335857143,52.431335857143,52.431335857143,52.431335857143,52.431335857143,52.431335857143,52.431335857143,52.431335857143,52.431335857143,52.431335857143,52.431335857143,52.431335857143,52.431335857143,52.431335857143,52.431335857143,52.431335857143,52.431335857143,52.431335857143,52.431335857143,52.431335857143,52.431335857143,52.431335857143,52.431335857143,52.431335857143,52.431335857143,52.431335857143,52.431335857143,52.431335857143,52.431335857143,52.431335857143,52.431335857143,52.431335857143,52.431335857143,52.431335857143,52.431335857143,52.431335857143,52.431335857143,52.431335857143,52.431335857143,52.431335857143,52.431335857143,52.431335857143,52.431335857143,52.431335857143,52.431335857143,52.431335857143,52.431335857143,52.431335857143,52.431335857143,52.431335857143,52.431335857143,52.431335857143,52.431335857143,52.431335857143,52.431335857143,52.431335857143,52.431335857143,52.431335857143,52.431335857143,52.431335857143,52.431335857143,52.431335857143,52.431335857143,52.431335857143,52.431335857143,52.431335857143
52.4314175,52.4314175,52.4314175,52.4314175,52.4314175,52.4314175,52.4314175,52.4314175,52.4314175,52.4314175,52.4314175,52.4314175,52.4314175,52.4314175,52.4314175,52.4314175,52.4314175,52.4314175,52.4314175,52.4314175,52.4314175,52.4314175,52.4314175,52.4314175,52.4314175,52.4314175,52.4314175,52.4314175,52.4314175,52.4314175,52.4314175,52.4314175,52.4314175,52.4314175,52.4314175,52.4314175,52.4314175,52.4314175,52.4314175,52.4314175,52.4314175,52.4314175,52.4314175,52.4314175,52.4314175,52.4314175,52.4314175,52.4314175,52.4314175,52.4314175,52.4314175,52.4314175,52.4314175,52.4314175,52.4314175,52.4314175,52.4314175,52.4314175,52.4314175,52.4314175,52.4314175,52.4314175,52.4314175,52.4314175,52.4314175,52.4314175,52.4314175,52.4314175,52.4314175,52.4314175
52.431499142857,52.431499142857,52.431499142857,52.431499142857,52.431499142857,52.431499142857,52.431499142857,52.431499142857,52.431499142857,52.431499142857,52.431499142857,52.431499142857,52.431499142857,52.431499142857,52.431499142857,52.431499142857,52.431499142857,52.431499142857,52.431499142857,52.431499142857,52.431499142857,52.431499142857,52.431499142857,52.431499142857,52.431499142857,52.431499142857,52.431499142857,52.431499142857,52.431499142857,52.431499142857,52.431499142857,52.431499142857,52.431499142857,52.431499142857,52.431499142857,52.431499142857,52.431499142857,52.431499142857,52.431499142857,52.431499142857,52.431499142857,52.431499142857,52.431499142857,52.431499142857,52.431499142857,52.431499142857,52.431499142857,52.431499142857,52.431499142857,52.431499142857,52.431499142857,52.431499142857,52.431499142857,52.431499142857,52.431499142857,52.431499142857,52.431499142857,52.431499142857,52.431499142857,52.431499142857,52.431499142857,52.431499142857,52.431499142857,52.431499142857,52.431499142857,52.431499142857,52.431499142857,52.431499142857,52.431499142857,52.431499142857
52.431580785714,52.431580785714,52.431580785714,52.431580785714,52.431580785714,52.431580785714,52.431580785714,52.431580785714,52.431580785714,52.431580785714,52.431580785714,52.431580785714,52.431580785714,52.431580785714,52.431580785714,52.431580785714,52.431580785714,52.431580785714,52.431580785714,52.431580785714,52.431580785714,52.431580785714,52.431580785714,52.431580785714,52.431580785714,52.431580785714,52.431580785714,52.431580785714,52.431580785714,52.431580785714,52.431580785714,52.431580785714,52.431580785714,52.431580785714,52.431580785714,52.431580785714,52.431580785714,52.431580785714,52.431580785714,52.431580785714,52.431580785714,52.431580785714,52.431580785714,52.431580785714,52.431580785714,52.431580785714,52.431580785714,52.431580785714,52.431580785714,52.431580785714,52.431580785714,52.431580785714,52.431580785714,52.431580785714,52.431580785714,52.431580785714,52.431580785714,52.431580785714,52.431580785714,52.431580785714,52.431580785714,52.431580785714,52.431580785714,52.431580785714,52.431580785714,52.431580785714,52.431580785714,52.431580785714,52.431580785714,52.431580785714
52.431662428571,52.431662428571,52.431662428571,52.431662428571,52.431662428571,52.431662428571,52.431662428571,52.431662428571,52.431662428571,52.431662428571,52.431662428571,52.431662428571,52.431662428571,52.431662428571,52.431662428571,52.431662428571,52.431662428571,52.431662428571,52.431662428571,52.431662428571,52.431662428571,52.431662428571,52.431662428571,52.431662428571,52.431662428571,52.431662428571,52.431662428571,52.431662428571,52.431662428571,52.431662428571,52.431662428571,52.431662428571,52.431662428571,52.431662428571,52.431662428571,52.431662428571,52.431662428571,52.431662428571,52.431662428571,52.431662428571,52.431662428571,52.431662428571,52.431662428571,52.431662428571,52.431662428571,52.431662428571,52.431662428571,52.431662428571,52.431662428571,52.431662428571,52.431662428571,52.431662428571,52.431662428571,52.431662428571,52.431662428571,52.431662428571,52.431662428571,52.431662428571,52.431662428571,52.431662428571,52.431662428571,52.431662428571,52.431662428571,52.431662428571,52.431662428571,52.431662428571,52.431662428571,52.431662428571,52.431662428571,52.431662428571
52.431744071429,52.431744071429,52.431744071429,52.431744071429,52.431744071429,52.431744071429,52.431744071429,52.431744071429,52.431744071429,52.431744071429,52.431744071429,52.431744071429,52.431744071429,52.431744071429,52.431744071429,52.431744071429,52.431744071429,52.431744071429,52.431744071429,52.431744071429,52.431744071429,52.431744071429,52.431744071429,52.431744071429,52.431744071429,52.431744071429,52.431744071429,52.431744071429,52.431744071429,52.431744071429,52.431744071429,52.431744071429,52.431744071429,52.431744071429,52.431744071429,52.431744071429,52.431744071429,52.431744071429,52.431744071429,52.431744071429,52.431744071429,52.431744071429,52.431744071429,52.431744071429,52.431744071429,52.431744071429,52.431744071429,52.431744071429,52.431744071429,52.431744071429,52.431744071429,52.431744071429,52.431744071429,52.431744071429,52.431744071429,52.431744071429,52.431744071429,52.431744071429,52.431744071429,52.431744071429,52.431744071429,52.431744071429,52.431744071429,52.431744071429,52.431744071429,52.431744071429,52.431744071429,52.431744071429,52.431744071429,52.431744071429
52.431825714286,52.431825714286,52.431825714286,52.431825714286,52.431825714286,52.431825714286,52.431825714286,52.431825714286,52.431825714286,52.431825714286,52.431825714286,52.431825714286,52.431825714286,52.431825714286,52.431825714286,52.431825714286,52.431825714286,52.431825714286,52.431825714286,52.431825714286,52.431825714286,52.431825714286,52.431825714286,52.431825714286,52.431825714286,52.431825714286,52.431825714286,52.431825714286,52.431825714286,52.431825714286,52.431825714286,52.431825714286,52.431825714286,52.431825714286,52.431825714286,52.431825714286,52.431825714286,52.431825714286,52.431825714286,52.431825714286,52.431825714286,52.431825714286,52.431825714286,52.431825714286,52.431825714286,52.431825714286,52.431825714286,52.431825714286,52.431825714286,52.431825714286,52.431825714286,52.431825714286,52.431825714286,52.431825714286,52.431825714286,52.431825714286,52.431825714286,52.431825714286,52.431825714286,52.431825714286,52.431825714286,52.431825714286,52.431825714286,52.431825714286,52.431825714286,52.431825714286,52.431825714286,52.431825714286,52.431825714286,52.431825714286
52.431907357143,52.431907357143,52.431907357143,52.431907357143,52.431907357143,52.431907357143,52.431907357143,52.431907357143,52.431907357143,52.431907357143,52.431907357143,52.431907357143,52.431907357143,52.431907357143,52.431907357143,52.431907357143,52.431907357143,52.431907357143,52.431907357143,52.431907357143,52.431907357143,52.431907357143,52.431907357143,52.431907357143,52.431907357143,52.431907357143,52.431907357143,52.431907357143,52.431907357143,52.431907357143,52.431907357143,52.431907357143,52.431907357143,52.431907357143,52.431907357143,52.431907357143,52.431907357143,52.431907357143,52.431907357143,52.431907357143,52.431907357143,52.431907357143,52.431907357143,52.431907357143,52.431907357143,52.431907357143,52.431907357143,52.431907357143,52.431907357143,52.431907357143,52.431907357143,52.431907357143,52.431907357143,52.431907357143,52.431907357143,52.431907357143,52.431907357143,52.431907357143,52.431907357143,52.431907357143,52.431907357143,52.431907357143,52.431907357143,52.431907357143,52.431907357143,52.431907357143,52.431907357143,52.431907357143,52.431907357143,52.431907357143
52.431989,52.431989,52.431989,52.431989,52.431989,52.431989,52.431989,52.431989,52.431989,52.431989,52.431989,52.431989,52.431989,52.431989,52.431989,52.431989,52.431989,52.431989,52.431989,52.431989,52.431989,52.431989,52.431989,52.431989,52.431989,52.431989,52.431989,52.431989,52.431989,52.431989,52.431989,52.431989,52.431989,52.431989,52.431989,52.431989,52.431989,52.431989,52.431989,52.431989,52.431989,52.431989,52.431989,52.431989,52.431989,52.431989,52.431989,52.431989,52.431989,52.431989,52.431989,52.431989,52.431989,52.431989,52.431989,52.431989,52.431989,52.431989,52.431989,52.431989,52.431989,52.431989,52.431989,52.431989,52.431989,52.431989,52.431989,52.431989,52.431989,52.431989
52.432070642857,52.432070642857,52.432070642857,52.432070642857,52.432070642857,52.432070642857,52.432070642857,52.432070642857,52.432070642857,52.432070642857,52.432070642857,52.432070642857,52.432070642857,52.432070642857,52.432070642857,52.432070642857,52.432070642857,52.432070642857,52.432070642857,52.432070642857,52.432070642857,52.432070642857,52.432070642857,52.432070642857,52.432070642857,52.432070642857,52.432070642857,52.432070642857,52.432070642857,52.432070642857,52.432070642857,52.432070642857,52.432070642857,52.432070642857,52.432070642857,52.432070642857,52.432070642857,52.432070642857,52.432070642857,52.432070642857,52.432070642857,52.432070642857,52.432070642857,52.432070642857,52.432070642857,52.432070642857,52.432070642857,52.432070642857,52.432070642857,52.432070642857,52.432070642857,52.432070642857,52.432070642857,52.432070642857,52.432070642857,52.432070642857,52.432070642857,52.432070642857,52.432070642857,52.432070642857,52.432070642857,52.432070642857,52.432070642857,52.432070642857,52.432070642857,52.432070642857,52.432070642857,52.432070642857,52.432070642857,52.432070642857
52.432152285714,52.432152285714,52.432152285714,52.432152285714,52.432152285714,52.432152285714,52.432152285714,52.432152285714,52.432152285714,52.432152285714,52.432152285714,52.432152285714,52.432152285714,52.432152285714,52.432152285714,52.432152285714,52.432152285714,52.432152285714,52.432152285714,52.432152285714,52.432152285714,52.432152285714,52.432152285714,52.432152285714,52.432152285714,52.432152285714,52.432152285714,52.432152285714,52.432152285714,52.432152285714,52.432152285714,52.432152285714,52.432152285714,52.432152285714,52.432152285714,52.432152285714,52.432152285714,52.432152285714,52.432152285714,52.432152285714,52.432152285714,52.432152285714,52.432152285714,52.432152285714,52.432152285714,52.432152285714,52.432152285714,52.432152285714,52.432152285714,52.432152285714,52.432152285714,52.432152285714,52.432152285714,52.432152285714,52.432152285714,52.432152285714,52.432152285714,52.432152285714,52.432152285714,52.432152285714,52.432152285714,52.432152285714,52.432152285714,52.432152285714,52.432152285714,52.432152285714,52.432152285714,52.432152285714,52.432152285714,52.432152285714
52.432233928571,52.432233928571,52.432233928571,52.432233928571,52.432233928571,52.432233928571,52.432233928571,52.432233928571,52.432233928571,52.432233928571,52.432233928571,52.432233928571,52.432233928571,52.432233928571,52.432233928571,52.432233928571,52.432233928571,52.432233928571,52.432233928571,52.432233928571,52.432233928571,52.432233928571,52.432233928571,52.432233928571,52.432233928571,52.432233928571,52.432233928571,52.432233928571,52.432233928571,52.432233928571,52.432233928571,52.432233928571,52.432233928571,52.432233928571,52.432233928571,52.432233928571,52.432233928571,52.432233928571,52.432233928571,52.432233928571,52.432233928571,52.432233928571,52.432233928571,52.432233928571,52.432233928571,52.432233928571,52.432233928571,52.432233928571,52.432233928571,52.432233928571,52.432233928571,52.432233928571,52.432233928571,52.432233928571,52.432233928571,52.432233928571,52.432233928571,52.432233928571,52.432233928571,52.432233928571,52.432233928571,52.432233928571,52.432233928571,52.432233928571,52.432233928571,52.432233928571,52.432233928571,52.432233928571,52.432233928571,52.432233928571
52.432315571429,52.432315571429,52.432315571429,52.432315571429,52.432315571429,52.432315571429,52.432315571429,52.432315571429,52.432315571429,52.432315571429,52.432315571429,52.432315571429,52.432315571429,52.432315571429,52.432315571429,52.432315571429,52.432315571429,52.432315571429,52.432315571429,52.432315571429,52.432315571429,52.432315571429,52.432315571429,52.432315571429,52.432315571429,52.432315571429,52.432315571429,52.432315571429,52.432315571429,52.432315571429,52.432315571429,52.432315571429,52.432315571429,52.432315571429,52.432315571429,52.432315571429,52.432315571429,52.432315571429,52.432315571429,52.432315571429,52.432315571429,52.432315571429,52.432315571429,52.432315571429,52.432315571429,52.432315571429,52.432315571429,52.432315571429,52.432315571429,52.432315571429,52.432315571429,52.432315571429,52.432315571429,52.432315571429,52.432315571429,52.432315571429,52.432315571429,52.432315571429,52.432315571429,52.432315571429,52.432315571429,52.432315571429,52.432315571429,52.432315571429,52.432315571429,52.432315571429,52.432315571429,52.432315571429,52.432315571429,52.432315571429
52.432397214286,52.432397214286,52.432397214286,52.432397214286,52.432397214286,52.432397214286,52.432397214286,52.432397214286,52.432397214286,52.432397214286,52.432397214286,52.432397214286,52.432397214286,52.432397214286,52.432397214286,52.432397214286,52.432397214286,52.432397214286,52.432397214286,52.432397214286,52.432397214286,52.432397214286,52.432397214286,52.432397214286,52.432397214286,52.432397214286,52.432397214286,52.432397214286,52.432397214286,52.432397214286,52.432397214286,52.432397214286,52.432397214286,52.432397214286,52.432397214286,52.432397214286,52.432397214286,52.432397214286,52.432397214286,52.432397214286,52.432397214286,52.432397214286,52.432397214286,52.432397214286,52.432397214286,52.432397214286,52.432397214286,52.432397214286,52.432397214286,52.432397214286,52.432397214286,52.432397214286,52.432397214286,52.432397214286,52.432397214286,52.432397214286,52.432397214286,52.432397214286,52.432397214286,52.432397214286,52.432397214286,52.432397214286,52.432397214286,52.432397214286,52.432397214286,52.432397214286,52.432397214286,52.432397214286,52.432397214286,52.432397214286
